mesurement id;Destination;avg(min RTT) from LISP-Lab;avg(min RTT) from mPlane;variace from LISP-Lab;variace from mPlane
2830181;77.95.70.141;7.7520687704918041;27.35109836065574;1.044512968908357;54.140280596239123
